Issuer,Official Website,Sitemap URL,Sitemap Status
YES Bank,https://www.yes.bank.in/,https://www.yes.bank.in/sitemap-index.xml,Confirmed
American Express (India),https://www.americanexpress.com/en-in/,https://www.americanexpress.com/index-sitemap.xml,Confirmed
AU Small Finance Bank,https://www.au.bank.in/,https://www.au.bank.in/sitemap.xml,Confirmed
Axis Bank,https://www.axis.bank.in/,https://www.axis.bank.in/sitemap.xml,Confirmed
Bank of Baroda,https://bankofbaroda.bank.in/,https://bankofbaroda.bank.in/sitemap.xml ,Confirmed
Canara Bank,https://canarabank.com/,https://canarabank.com/sitemap.xml,Confirmed
DBS Bank India,https://www.dbs.bank.in/in/,https://www.dbs.com/sitemap.xml,Confirmed
Equitas Small Finance Bank,https://equitas.bank.in/,https://equitas.bank.in/sitemap-index.xml,Confirmed
Federal Bank,https://www.federalbank.co.in/,https://www.federalbank.co.in/sitemap.xml,Confirmed
HDFC Bank,https://www.hdfcbank.com/,https://www.hdfc.bank.in/sitemap.xml,Confirmed
HSBC India,https://www.hsbc.co.in/,https://www.hsbc.co.in/sitemaps.xml,Confirmed
ICICI Bank,https://www.icici.bank.in/,https://www.icici.bank.in/sitemap-index.xml,Confirmed
IDFC First Bank,https://www.idfcfirst.bank.in/,https://www.idfcfirst.bank.in/sitemap-index.xml,Confirmed
IndusInd Bank,https://www.indusind.bank.in/,https://www.indusind.bank.in/sitemap.xml,Confirmed
Kotak Mahindra Bank,https://www.kotak.bank.in/,https://www.kotak.bank.in/sitemap-index.xml,Confirmed
Punjab National Bank,https://www.pnbindia.in/,https://pnb.bank.in/sitemap.xml,Confirmed
SBI Card,https://www.sbicard.com/,https://www.sbicard.com/sitemap.xml,Confirmed
Standard Chartered India,https://www.sc.com/in/,https://www.sc.com/in/sitemap.xml,Confirmed
Union Bank of India,https://www.unionbankofindia.bank.in/,https://www.unionbankofindia.bank.in/sitemap.xml,Confirmed
RBL Bank,https://www.rbl.bank.in/,https://www.rbl.bank.in/sitemap.xml,Confirmed
Bank of India,https://www.bankofindia.co.in/,https://bankofindia.bank.in/sitemap.xml,Confirmed
IDBI Bank,https://www.idbibank.in/,https://www.idbi.bank.in/sitemap.aspx,Confirmed
South Indian Bank,https://www.southindianbank.bank.in/,https://www.southindianbank.bank.in/sitemap.xml,Confirmed
Karur Vysya Bank,https://www.kvb.bank.in,https://www.kvb.bank.in/sitemap.xml,Confirmed